{"cameraMode":{"drawMode":0,"name":"Shaded","section":"Shading Mode"},"sceneLighting":true,"audioPlay":false,"sceneViewState":{"m_AlwaysRefresh":true,"showFog":true,"showSkybox":true,"showFlares":true,"showImageEffects":true,"showParticleSystems":true,"showVisualEffectGraphs":true,"m_FxEnabled":true},"in2DMode":false,"pivot":{"x":995.3707275390625,"y":592.2672729492188,"z":-16.960235595703126},"rotation":{"x":-0.010386556386947632,"y":0.14646372199058534,"z":0.0015378498937934638,"w":0.9891619086265564},"size":685.6826782226563,"orthographic":true}