{"cameraMode":{"drawMode":0,"name":"Shaded","section":"Shading Mode"},"sceneLighting":true,"audioPlay":false,"sceneViewState":{"m_AlwaysRefresh":true,"showFog":true,"showSkybox":true,"showFlares":true,"showImageEffects":true,"showParticleSystems":true,"showVisualEffectGraphs":true,"m_FxEnabled":true},"in2DMode":false,"pivot":{"x":-85.92098999023438,"y":498.5810852050781,"z":-193.81845092773438},"rotation":{"x":0.03147263452410698,"y":-0.03747233375906944,"z":0.0011819626670330763,"w":0.9988060593605042},"size":537.7865600585938,"orthographic":true}