{"cameraMode":{"drawMode":0,"name":"Shaded","section":"Shading Mode"},"sceneLighting":true,"audioPlay":false,"sceneViewState":{"m_AlwaysRefresh":true,"showFog":true,"showSkybox":true,"showFlares":true,"showImageEffects":true,"showParticleSystems":true,"showVisualEffectGraphs":true,"m_FxEnabled":true},"in2DMode":false,"pivot":{"x":265.8187255859375,"y":717.7874145507813,"z":208.49081420898438},"rotation":{"x":-0.010386556386947632,"y":0.14646372199058534,"z":0.0015378498937934638,"w":0.9891619086265564},"size":175.193603515625,"orthographic":true}